{"cameraMode":{"drawMode":0,"name":"Shaded","section":"Shading Mode"},"sceneLighting":false,"audioPlay":false,"sceneViewState":{"showFog":true,"showMaterialUpdate":false,"showSkybox":true,"showFlares":true,"showImageEffects":true,"showParticleSystems":true},"in2DMode":false,"pivot":{"x":1.0401697158813477,"y":0.3329505920410156,"z":1.8492681980133057},"rotation":{"x":-0.23916271328926087,"y":-0.23825576901435853,"z":0.06066150963306427,"w":-0.9393434524536133},"size":2.4468719959259035,"orthographic":false}