{"cameraMode":{"drawMode":0,"name":"Shaded","section":"Shading Mode"},"sceneLighting":false,"audioPlay":false,"sceneViewState":{"showFog":true,"showMaterialUpdate":false,"showSkybox":false,"showFlares":true,"showImageEffects":true,"showParticleSystems":true},"in2DMode":false,"pivot":{"x":-2.980232238769531e-7,"y":0.37500014901161196,"z":-0.06500029563903809},"rotation":{"x":-0.11829803884029389,"y":-0.2266777604818344,"z":0.02774857170879841,"w":-0.9663639068603516},"size":0.8948641419410706,"orthographic":false}